<?xml version="1.0" encoding="UTF-8"?>
<beans xmlns="http://www.springframework.org/schema/beans"
	xmlns:xsi="http://www.w3.org/2001/XMLSchema-instance"
	xmlns:context="http://www.springframework.org/schema/context"
	xmlns:util="http://www.springframework.org/schema/util"
	xsi:schemaLocation="http://www.springframework.org/schema/beans http://www.springframework.org/schema/beans/spring-beans.xsd
		http://www.springframework.org/schema/context http://www.springframework.org/schema/context/spring-context-4.3.xsd
		http://www.springframework.org/schema/util http://www.springframework.org/schema/util/spring-util-4.3.xsd">


<context:annotation-config />
	<context:component-scan base-package="com.capgemini" />
	<util:map id="map" key-type="java.lang.String"
		value-type="com.capgemini.bean.Customer" >
	<entry key="9850276767">
		<bean class="com.capgemini.bean.Customer">
			<property name="customerName" value="Sagar" />
			<property name="mobileNumber" value="9850276767" />
			<property name="wallet">
				<bean class="com.capgemini.bean.Wallet">
					<property name="balance" value="6000000"></property>
				</bean>
			</property>
		</bean>
	</entry>

	<entry key="9123456786">
		<bean class="com.capgemini.bean.Customer">
			<property name="customerName" value="Aditi" />
			<property name="mobileNumber" value="9123456786" />
			<property name="wallet">
				<bean class="com.capgemini.bean.Wallet">
					<property name="balance" value="560000000"></property>
				</bean>
			</property>
		</bean>
	</entry>

	<entry key="9903171542">
		<bean class="com.capgemini.bean.Customer">
			<property name="customerName" value="Ammi" />
			<property name="mobileNumber" value="9903171542" />
			<property name="wallet">
				<bean class="com.capgemini.bean.Wallet">
					<property name="balance" value="560000000"></property>
				</bean>
			</property>
		</bean>
	</entry>
</util:map>
</beans>
